{
	 "rootnode": {
		 "name": "RootNode"
		,"transformation": [
			 1
			,0
			,0
			,0
			,0
			,1
			,0
			,0
			,0
			,0
			,1
			,0
			,0
			,0
			,0
			,1
		]
		,"children": [
			{
				 "name": "Cube"
				,"transformation": [
					 1158.37
					,0
					,0
					,0
					,0
					,-5.0634e-05
					,820.359
					,-0.518489
					,0
					,-1158.37
					,-3.5859e-05
					,0
					,0
					,0
					,0
					,1
				]
				,"meshes": [
					 0
				]
			}
		]
	}
	,"flags": 8
	,"meshes": [
		{
			 "name": "Cube"
			,"materialindex": 0
			,"primitivetypes": 4
			,"vertices": [
				 1
				,1
				,-1
				,1
				,-1
				,-1
				,-1
				,-1
				,-1
				,-1
				,1
				,-1
				,1
				,0.999999
				,1
				,-1
				,1
				,1
				,-1
				,-1
				,1
				,0.999999
				,-1
				,1
				,1
				,1
				,-1
				,1
				,0.999999
				,1
				,0.999999
				,-1
				,1
				,1
				,-1
				,-1
				,1
				,-1
				,-1
				,0.999999
				,-1
				,1
				,-1
				,-1
				,1
				,-1
				,-1
				,-1
				,-1
				,-1
				,-1
				,-1
				,-1
				,1
				,-1
				,1
				,1
				,-1
				,1
				,-1
				,1
				,0.999999
				,1
				,1
				,1
				,-1
				,-1
				,1
				,-1
				,-1
				,1
				,1
			]
			,"normals": [
				 0
				,0
				,-1
				,0
				,0
				,-1
				,0
				,0
				,-1
				,0
				,0
				,-1
				,2.98023e-08
				,0
				,1
				,2.98023e-08
				,0
				,1
				,2.98023e-08
				,0
				,1
				,2.98023e-08
				,0
				,1
				,1
				,-2.98023e-07
				,4.47034e-08
				,1
				,-2.98023e-07
				,4.47034e-08
				,1
				,-2.98023e-07
				,4.47034e-08
				,1
				,-2.98023e-07
				,4.47034e-08
				,-2.83122e-07
				,-1
				,-1.78814e-07
				,-2.83122e-07
				,-1
				,-1.78814e-07
				,-2.83122e-07
				,-1
				,-1.78814e-07
				,-2.83122e-07
				,-1
				,-1.78814e-07
				,-1
				,2.38419e-07
				,-1.3411e-07
				,-1
				,2.38419e-07
				,-1.3411e-07
				,-1
				,2.38419e-07
				,-1.3411e-07
				,-1
				,2.38419e-07
				,-1.3411e-07
				,2.38419e-07
				,1
				,1.63913e-07
				,2.38419e-07
				,1
				,1.63913e-07
				,2.38419e-07
				,1
				,1.63913e-07
				,2.38419e-07
				,1
				,1.63913e-07
			]
			,"tangents": [
				 0.0019651
				,0.999998
				,0
				,0.0205789
				,0.999788
				,0
				,0.0019651
				,0.999998
				,0
				,0.0019651
				,0.999998
				,0
				,-0.00423689
				,0.999991
				,1.26269e-10
				,-0.00442802
				,0.99999
				,1.31965e-10
				,-0.00423689
				,0.999991
				,1.26269e-10
				,-0.00423689
				,0.999991
				,1.26269e-10
				,-2.97944e-07
				,-0.999998
				,-0.00175854
				,-2.98235e-07
				,-0.999988
				,0.00480311
				,-2.97944e-07
				,-0.999998
				,-0.00175854
				,-2.97944e-07
				,-0.999998
				,-0.00175854
				,-0.999993
				,2.82439e-07
				,0.00380761
				,-1
				,2.83099e-07
				,0.00012936
				,-0.999993
				,2.82439e-07
				,0.00380761
				,-0.999993
				,2.82439e-07
				,0.00380761
				,2.38117e-07
				,0.999997
				,0.00224078
				,2.37848e-07
				,0.999991
				,0.00423917
				,2.38117e-07
				,0.999997
				,0.00224078
				,2.38117e-07
				,0.999997
				,0.00224078
				,0.999994
				,-2.3786e-07
				,-0.00340204
				,0.999995
				,-2.3789e-07
				,-0.00321596
				,0.999994
				,-2.3786e-07
				,-0.00340204
				,0.999994
				,-2.3786e-07
				,-0.00340204
			]
			,"bitangents": [
				 1
				,-0.000732161
				,0
				,1
				,0.000824917
				,0
				,1
				,-0.000732161
				,0
				,1
				,-0.000732161
				,0
				,1
				,-7.58338e-05
				,-2.98023e-08
				,0.999995
				,-0.00331727
				,-2.98022e-08
				,1
				,-7.58338e-05
				,-2.98023e-08
				,1
				,-7.58338e-05
				,-2.98023e-08
				,4.52991e-08
				,0.001999
				,-0.999998
				,4.56103e-08
				,0.00304379
				,-0.999995
				,4.52991e-08
				,0.001999
				,-0.999998
				,4.52991e-08
				,0.001999
				,-0.999998
				,-0.00165583
				,1.79283e-07
				,-0.999999
				,0.00232292
				,1.78156e-07
				,-0.999997
				,-0.00165583
				,1.79283e-07
				,-0.999999
				,-0.00165583
				,1.79283e-07
				,-0.999999
				,1.33553e-07
				,-0.00233716
				,-0.999997
				,1.33193e-07
				,-0.00384426
				,-0.999993
				,1.33553e-07
				,-0.00233716
				,-0.999997
				,1.33553e-07
				,-0.00233716
				,-0.999997
				,-0.00300645
				,1.64629e-07
				,-0.999995
				,0.00451109
				,1.62836e-07
				,-0.99999
				,-0.00300645
				,1.64629e-07
				,-0.999995
				,-0.00300645
				,1.64629e-07
				,-0.999995
			]
			,"numuvcomponents": [
				 2
			]
			,"texturecoords": [
				[
					 0.502551
					,0.000842045
					,0.250778
					,-0.00612488
					,0.250986
					,0.33235
					,0.502367
					,0.333003
					,0.501321
					,0.66461
					,0.500491
					,1.00165
					,0.250178
					,1.00314
					,0.250197
					,0.666038
					,0.748432
					,0.335449
					,0.747666
					,0.668184
					,0.999318
					,0.666586
					,0.99982
					,0.33603
					,-0.00105244
					,0.336555
					,-0.00163846
					,0.666925
					,0.250675
					,0.666882
					,0.250258
					,0.335292
					,0.251772
					,0.334435
					,0.250807
					,0.666455
					,0.501803
					,0.665048
					,0.502389
					,0.333693
					,0.748078
					,0.667819
					,0.746976
					,0.336136
					,0.502724
					,0.335069
					,0.501984
					,0.666691
				]
			]
			,"faces": [
				[
					 0
					,1
					,2
				]
				,[
					 0
					,2
					,3
				]
				,[
					 4
					,5
					,6
				]
				,[
					 4
					,6
					,7
				]
				,[
					 8
					,9
					,10
				]
				,[
					 8
					,10
					,11
				]
				,[
					 12
					,13
					,14
				]
				,[
					 12
					,14
					,15
				]
				,[
					 16
					,17
					,18
				]
				,[
					 16
					,18
					,19
				]
				,[
					 20
					,21
					,22
				]
				,[
					 20
					,22
					,23
				]
			]
		}
	]
	,"materials": [
		{
			 "properties": [
				{
					 "key": "?mat.name"
					,"semantic": 0
					,"index": 0
					,"type": 3
					,"value": "Material"
				}
				,{
					 "key": "$clr.diffuse"
					,"semantic": 0
					,"index": 0
					,"type": 1
					,"value": [
						 0.64
						,0.64
						,0.64
					]
				}
				,{
					 "key": "$clr.emissive"
					,"semantic": 0
					,"index": 0
					,"type": 1
					,"value": [
						 0
						,0
						,0
					]
				}
				,{
					 "key": "$clr.ambient"
					,"semantic": 0
					,"index": 0
					,"type": 1
					,"value": [
						 0
						,0
						,0
					]
				}
				,{
					 "key": "$clr.specular"
					,"semantic": 0
					,"index": 0
					,"type": 1
					,"value": [
						 0.25
						,0.25
						,0.25
					]
				}
				,{
					 "key": "$mat.shinpercent"
					,"semantic": 0
					,"index": 0
					,"type": 1
					,"value": 9.60784
				}
				,{
					 "key": "$mat.shininess"
					,"semantic": 0
					,"index": 0
					,"type": 1
					,"value": 9.60784
				}
			]
		}
	]
}
