{
	 "rootnode": {
		 "name": "RootNode"
		,"transformation": [
			 1
			,0
			,0
			,0
			,0
			,1
			,0
			,0
			,0
			,0
			,1
			,0
			,0
			,0
			,0
			,1
		]
		,"children": [
			{
				 "name": "Cube"
				,"transformation": [
					 552.434
					,0
					,0
					,-277.981
					,0
					,-3.9636e-05
					,429.391
					,413.213
					,0
					,-906.766
					,-1.87693e-05
					,-5.93513
					,0
					,0
					,0
					,1
				]
				,"meshes": [
					 0
				]
			}
		]
	}
	,"flags": 8
	,"meshes": [
		{
			 "name": "Cube"
			,"materialindex": 0
			,"primitivetypes": 4
			,"vertices": [
				 1
				,1
				,-1
				,1
				,-1
				,-1
				,-1
				,-1
				,-1
				,-1
				,1
				,-1
				,1
				,0.999999
				,1
				,-1
				,1
				,1
				,-1
				,-1
				,1
				,0.999999
				,-1
				,1
				,1
				,1
				,-1
				,1
				,0.999999
				,1
				,0.999999
				,-1
				,1
				,1
				,-1
				,-1
				,1
				,-1
				,-1
				,0.999999
				,-1
				,1
				,-1
				,-1
				,1
				,-1
				,-1
				,-1
				,-1
				,-1
				,-1
				,-1
				,-1
				,1
				,-1
				,1
				,1
				,-1
				,1
				,-1
				,1
				,0.999999
				,1
				,1
				,1
				,-1
				,-1
				,1
				,-1
				,-1
				,1
				,1
			]
			,"normals": [
				 0.577349
				,0.577349
				,-0.577349
				,0.577349
				,-0.577349
				,-0.577349
				,-0.577349
				,-0.577349
				,-0.577349
				,-0.577349
				,0.577349
				,-0.577349
				,0.577349
				,0.577349
				,0.577349
				,-0.577349
				,0.577349
				,0.577349
				,-0.577349
				,-0.577349
				,0.577349
				,0.577349
				,-0.577349
				,0.577349
				,0.577349
				,0.577349
				,-0.577349
				,0.577349
				,0.577349
				,0.577349
				,0.577349
				,-0.577349
				,0.577349
				,0.577349
				,-0.577349
				,-0.577349
				,0.577349
				,-0.577349
				,-0.577349
				,0.577349
				,-0.577349
				,0.577349
				,-0.577349
				,-0.577349
				,0.577349
				,-0.577349
				,-0.577349
				,-0.577349
				,-0.577349
				,-0.577349
				,-0.577349
				,-0.577349
				,-0.577349
				,0.577349
				,-0.577349
				,0.577349
				,0.577349
				,-0.577349
				,0.577349
				,-0.577349
				,0.577349
				,0.577349
				,0.577349
				,0.577349
				,0.577349
				,-0.577349
				,-0.577349
				,0.577349
				,-0.577349
				,-0.577349
				,0.577349
				,0.577349
			]
			,"tangents": [
				 -0.413765
				,0.816473
				,0.402704
				,0.411921
				,0.816487
				,-0.404562
				,-0.413765
				,0.816473
				,-0.402704
				,0.402653
				,0.816473
				,0.413815
				,0.413662
				,-0.816474
				,0.402807
				,-0.404165
				,-0.816485
				,0.412315
				,0.413662
				,-0.816474
				,-0.402807
				,-0.402758
				,-0.816474
				,-0.413711
				,0.412531
				,-0.816483
				,-0.403948
				,0.402396
				,-0.81647
				,0.41407
				,-0.412531
				,-0.816483
				,-0.403948
				,-0.403978
				,-0.816483
				,0.412501
				,-0.816286
				,-0.392019
				,-0.424262
				,-0.816493
				,-0.410848
				,0.40564
				,-0.816286
				,0.392019
				,-0.424262
				,-0.816274
				,0.424692
				,0.391577
				,-0.404137
				,0.816484
				,-0.412343
				,-0.41237
				,0.816484
				,0.404109
				,0.404137
				,0.816484
				,-0.412343
				,0.412371
				,0.816484
				,0.404109
				,0.81649
				,-0.411471
				,-0.405014
				,0.816433
				,-0.399313
				,0.417116
				,0.81649
				,0.41147
				,-0.405015
				,0.81649
				,0.405031
				,0.411454
			]
			,"bitangents": [
				 -0.816492
				,0.405486
				,-0.411001
				,-0.816441
				,-0.399815
				,-0.416621
				,-0.816492
				,0.405486
				,0.411001
				,-0.816492
				,-0.410989
				,0.405499
				,0.816498
				,-0.408339
				,-0.408155
				,0.816495
				,0.410327
				,0.406163
				,0.816498
				,-0.408339
				,0.408155
				,0.816498
				,0.408155
				,-0.408339
				,-0.408957
				,-0.407536
				,-0.816498
				,0.409484
				,0.407008
				,-0.816497
				,0.408957
				,-0.407536
				,-0.816498
				,-0.407537
				,0.408956
				,-0.816498
				,-0.407254
				,0.409238
				,-0.816497
				,0.412145
				,-0.404336
				,-0.816486
				,-0.407254
				,-0.409239
				,-0.816497
				,0.409237
				,0.407256
				,-0.816497
				,0.412436
				,0.404043
				,-0.816484
				,-0.404071
				,-0.412408
				,-0.816484
				,-0.412436
				,0.404043
				,-0.816484
				,0.404072
				,-0.412408
				,-0.816484
				,0.409207
				,0.407286
				,-0.816497
				,-0.407227
				,-0.409266
				,-0.816497
				,0.409207
				,-0.407285
				,-0.816497
				,-0.407284
				,0.409209
				,-0.816497
			]
			,"numuvcomponents": [
				 2
			]
			,"texturecoords": [
				[
					 0.491893
					,0.342527
					,0.257149
					,0.344415
					,0.25395
					,0.0312543
					,0.492967
					,0.0340528
					,0.258563
					,0.657292
					,0.257762
					,0.967502
					,0.492869
					,0.969559
					,0.492833
					,0.660048
					,0.254939
					,0.347115
					,0.255418
					,0.660246
					,0.492323
					,0.657248
					,0.492598
					,0.344934
					,0.494803
					,0.341741
					,0.493228
					,0.656207
					,0.739461
					,0.657542
					,0.739858
					,0.349949
					,0.742462
					,0.351601
					,0.740887
					,0.656836
					,0.971452
					,0.658888
					,0.973027
					,0.353653
					,0.252623
					,0.655152
					,0.252226
					,0.347995
					,0.0138086
					,0.352493
					,0.014183
					,0.656752
				]
			]
			,"faces": [
				[
					 0
					,1
					,2
				]
				,[
					 0
					,2
					,3
				]
				,[
					 4
					,5
					,6
				]
				,[
					 4
					,6
					,7
				]
				,[
					 8
					,9
					,10
				]
				,[
					 8
					,10
					,11
				]
				,[
					 12
					,13
					,14
				]
				,[
					 12
					,14
					,15
				]
				,[
					 16
					,17
					,18
				]
				,[
					 16
					,18
					,19
				]
				,[
					 20
					,21
					,22
				]
				,[
					 20
					,22
					,23
				]
			]
		}
	]
	,"materials": [
		{
			 "properties": [
				{
					 "key": "?mat.name"
					,"semantic": 0
					,"index": 0
					,"type": 3
					,"value": "Material.001"
				}
				,{
					 "key": "$clr.diffuse"
					,"semantic": 0
					,"index": 0
					,"type": 1
					,"value": [
						 1
						,1
						,1
					]
				}
				,{
					 "key": "$clr.emissive"
					,"semantic": 0
					,"index": 0
					,"type": 1
					,"value": [
						 0
						,0
						,0
					]
				}
				,{
					 "key": "$clr.ambient"
					,"semantic": 0
					,"index": 0
					,"type": 1
					,"value": [
						 0
						,0
						,0
					]
				}
				,{
					 "key": "$clr.specular"
					,"semantic": 0
					,"index": 0
					,"type": 1
					,"value": [
						 0
						,0
						,0
					]
				}
				,{
					 "key": "$mat.opacity"
					,"semantic": 0
					,"index": 0
					,"type": 1
					,"value": 0.00921239
				}
				,{
					 "key": "$mat.shinpercent"
					,"semantic": 0
					,"index": 0
					,"type": 1
					,"value": 9.60784
				}
				,{
					 "key": "$mat.shininess"
					,"semantic": 0
					,"index": 0
					,"type": 1
					,"value": 9.60784
				}
				,{
					 "key": "$tex.file"
					,"semantic": 1
					,"index": 0
					,"type": 3
					,"value": "ocean.jpeg"
				}
				,{
					 "key": "$tex.uvtrafo"
					,"semantic": 1
					,"index": 0
					,"type": 1
					,"value": [
						 0
						,0
						,1
						,1
						,0
					]
				}
				,{
					 "key": "$tex.uvwsrc"
					,"semantic": 1
					,"index": 0
					,"type": 4
					,"value": 0
				}
				,{
					 "key": "$tex.file"
					,"semantic": 4
					,"index": 0
					,"type": 3
					,"value": "ocean.jpeg"
				}
				,{
					 "key": "$tex.uvtrafo"
					,"semantic": 4
					,"index": 0
					,"type": 1
					,"value": [
						 0
						,0
						,1
						,1
						,0
					]
				}
				,{
					 "key": "$tex.uvwsrc"
					,"semantic": 4
					,"index": 0
					,"type": 4
					,"value": 0
				}
				,{
					 "key": "$tex.file"
					,"semantic": 2
					,"index": 0
					,"type": 3
					,"value": "ocean.jpeg"
				}
				,{
					 "key": "$tex.uvtrafo"
					,"semantic": 2
					,"index": 0
					,"type": 1
					,"value": [
						 0
						,0
						,1
						,1
						,0
					]
				}
				,{
					 "key": "$tex.uvwsrc"
					,"semantic": 2
					,"index": 0
					,"type": 4
					,"value": 0
				}
				,{
					 "key": "$tex.file"
					,"semantic": 8
					,